CD_SETOR,NM_BAIRRO,SITUACAO,AREA_KM2,renda_media,renda_sal,densidade,hab/ha,hab_setor,pop_amarel,pop_indige,pop_branco,pop_negros
355100905000001,Centro,Urbana,0.067119443095607,3269.0,3.0,6064.0,61.0,407.0,4.0,6.0,244.0,153.0
355100905000002,Centro,Urbana,0.06185376365965,3520.0,3.0,5222.0,52.0,323.0,4.0,0.0,199.0,120.0
355100905000005,Centro,Urbana,0.006468833094191,3361.0,3.0,51632.0,516.0,334.0,0.0,0.0,226.0,106.0
355100905000006,Centro,Urbana,0.013440862100498,3528.0,3.0,33629.0,336.0,452.0,0.0,0.0,300.0,150.0
355100905000013,Centro,Urbana,0.017639466428391,3499.0,3.0,18878.0,189.0,333.0,8.0,0.0,181.0,144.0
355100905000014,Centro,Urbana,0.083793307690534,6437.0,5.0,7399.0,74.0,620.0,0.0,0.0,417.0,201.0
355100905000016,Catiapoã,Urbana,0.029735660349682,1412.0,1.0,19606.0,196.0,583.0,0.0,0.0,221.0,361.0
355100905000017,Catiapoã,Urbana,0.040228370111974,1437.0,1.0,26399.0,264.0,1062.0,0.0,0.0,355.0,706.0
355100905000018,Catiapoã,Urbana,0.020310930955956,1399.0,1.0,29935.0,299.0,608.0,7.0,0.0,179.0,422.0
355100905000019,Catiapoã,Urbana,0.034647996160583,2609.0,2.0,11920.0,119.0,413.0,0.0,0.0,196.0,216.0
355100905000020,Catiapoã,Urbana,0.055976651242437,2601.0,2.0,12970.0,130.0,726.0,0.0,0.0,387.0,336.0
355100905000021,Catiapoã,Urbana,0.047601514990694,2540.0,2.0,14306.0,143.0,681.0,7.0,4.0,301.0,369.0
355100905000022,Catiapoã,Urbana,0.036311340179152,2640.0,2.0,16276.0,163.0,591.0,0.0,0.0,299.0,291.0
355100905000023,Catiapoã,Urbana,0.042441959931847,2782.0,2.0,13359.0,134.0,567.0,0.0,0.0,269.0,296.0
355100905000024,Catiapoã,Urbana,0.043357184481603,2525.0,2.0,15107.0,151.0,655.0,0.0,0.0,308.0,346.0
355100905000025,Catiapoã,Urbana,0.042592341870417,2651.0,2.0,13782.0,138.0,587.0,0.0,0.0,345.0,241.0
355100905000026,Catiapoã,Urbana,0.053531179634586,3419.0,3.0,7584.0,76.0,406.0,0.0,0.0,238.0,167.0
355100905000027,Catiapoã,Urbana,0.097021762463276,3639.0,3.0,7844.0,78.0,761.0,8.0,0.0,514.0,238.0
355100905000028,Catiapoã,Urbana,0.035171299801764,3767.0,3.0,12994.0,130.0,457.0,3.0,0.0,281.0,173.0
355100905000029,Catiapoã,Urbana,0.046077623429692,3795.0,3.0,13434.0,134.0,619.0,0.0,0.0,411.0,208.0
355100905000030,Vila Melo,Urbana,0.080004448269294,4175.0,3.0,7425.0,74.0,594.0,12.0,0.0,396.0,186.0
355100905000031,Vila Melo,Urbana,0.052947462546593,3715.0,3.0,8499.0,85.0,450.0,14.0,0.0,273.0,160.0
355100905000032,Vila Melo,Urbana,0.061013018526464,2568.0,2.0,11899.0,119.0,726.0,0.0,0.0,377.0,347.0
355100905000033,Vila Melo,Urbana,0.052285607210513,3199.0,3.0,12374.0,124.0,647.0,0.0,0.0,433.0,212.0
355100905000034,Vila Melo,Urbana,0.233203792795479,8977.0,7.0,176.0,2.0,41.0,0.0,0.0,32.0,9.0
355100905000035,Vila Melo,Urbana,0.049158362843084,3789.0,3.0,12612.0,126.0,620.0,7.0,4.0,384.0,225.0
355100905000036,Vila Melo,Urbana,0.051256914138625,3779.0,3.0,10789.0,108.0,553.0,0.0,0.0,353.0,196.0
355100905000037,Vila Melo,Urbana,0.016878763141506,3620.0,3.0,25713.0,257.0,434.0,0.0,0.0,276.0,156.0
355100905000038,Vila Melo,Urbana,0.037639242332822,3308.0,3.0,13257.0,133.0,499.0,7.0,0.0,308.0,184.0
355100905000039,Jardim Guassu,Urbana,0.047305860707171,,,10527.0,105.0,498.0,0.0,3.0,270.0,224.0
355100905000040,Jardim Guassu,Urbana,0.050314326224494,2484.0,2.0,7990.0,80.0,402.0,0.0,0.0,224.0,178.0
355100905000041,Jardim Guassu,Urbana,0.015591084310921,1471.0,1.0,16933.0,169.0,264.0,0.0,0.0,91.0,173.0
355100905000042,Jardim Guassu,Urbana,0.037578923304591,2884.0,2.0,9899.0,99.0,372.0,0.0,0.0,201.0,171.0
355100905000043,Jardim Guassu,Urbana,0.045785264421449,3382.0,3.0,10658.0,107.0,488.0,0.0,0.0,300.0,188.0
355100905000044,Jardim Guassu,Urbana,0.063325873604694,3145.0,3.0,9017.0,90.0,571.0,4.0,0.0,351.0,216.0
355100905000045,Vila São Jorge,Urbana,0.031927807513674,4601.0,4.0,11933.0,119.0,381.0,5.0,3.0,251.0,122.0
355100905000046,Vila São Jorge,Urbana,0.046029042658973,3797.0,3.0,12709.0,127.0,585.0,8.0,0.0,403.0,174.0
355100905000047,Vila São Jorge,Urbana,0.046526827898113,3677.0,3.0,11907.0,119.0,554.0,4.0,7.0,339.0,201.0
355100905000048,Vila São Jorge,Urbana,0.036815221543845,3969.0,3.0,15591.0,156.0,574.0,7.0,0.0,424.0,143.0
355100905000049,Vila São Jorge,Urbana,0.030312879283944,3199.0,3.0,26358.0,264.0,799.0,0.0,0.0,521.0,276.0
355100905000050,Vila São Jorge,Urbana,0.048151034499464,3876.0,3.0,9740.0,97.0,469.0,6.0,0.0,316.0,146.0
355100905000051,Vila São Jorge,Urbana,0.053316775343606,3244.0,3.0,6902.0,69.0,368.0,0.0,0.0,244.0,124.0
355100905000052,Vila São Jorge,Urbana,0.049104737687704,3270.0,3.0,9673.0,97.0,475.0,5.0,0.0,274.0,195.0
355100905000053,Vila São Jorge,Urbana,0.078117840887758,2487.0,2.0,7796.0,78.0,609.0,0.0,0.0,369.0,240.0
355100905000054,Jardim Independência,Urbana,0.017917552612799,4033.0,3.0,22715.0,227.0,407.0,0.0,0.0,292.0,113.0
355100905000055,Jardim Independência,Urbana,0.024116470270531,,,11196.0,112.0,270.0,8.0,0.0,172.0,90.0
355100905000056,Jardim Independência,Urbana,0.058027040169032,4494.0,4.0,9685.0,97.0,562.0,16.0,0.0,415.0,131.0
355100905000057,Vila Voturuá,Urbana,0.042876057897538,4316.0,4.0,10915.0,109.0,468.0,11.0,0.0,298.0,159.0
355100905000058,Vila Voturuá,Urbana,0.042753022735977,3975.0,3.0,11531.0,115.0,493.0,0.0,0.0,298.0,194.0
355100905000060,Vila Voturuá,Urbana,0.056064169134719,3143.0,3.0,11594.0,116.0,650.0,0.0,4.0,365.0,279.0
355100905000063,Vila Valença,Urbana,0.044075052290606,5039.0,4.0,8213.0,82.0,362.0,0.0,0.0,247.0,114.0
355100905000064,Vila Valença,Urbana,0.042015929813331,4112.0,3.0,12448.0,124.0,523.0,0.0,0.0,329.0,191.0
355100905000065,Vila Valença,Urbana,0.038711310491464,3933.0,3.0,9842.0,98.0,381.0,6.0,0.0,306.0,69.0
355100905000066,Vila Valença,Urbana,0.041211058137253,3496.0,3.0,13128.0,131.0,541.0,0.0,0.0,384.0,155.0
355100905000067,Vila Valença,Urbana,0.041240896290239,4060.0,3.0,15203.0,152.0,627.0,0.0,5.0,428.0,193.0
355100905000068,Vila Valença,Urbana,0.06066126864736,5299.0,4.0,14606.0,146.0,886.0,6.0,0.0,656.0,223.0
355100905000069,Vila Valença,Urbana,0.041520195706199,4248.0,4.0,11561.0,116.0,480.0,0.0,0.0,358.0,120.0
355100905000070,Vila Valença,Urbana,0.027394449146006,4677.0,4.0,13871.0,139.0,380.0,3.0,0.0,291.0,86.0
355100905000072,Itararé,Urbana,0.007739719938479,5279.0,4.0,37340.0,373.0,289.0,5.0,0.0,225.0,59.0
355100905000073,Itararé,Urbana,0.019351087121675,6514.0,5.0,28836.0,288.0,558.0,6.0,0.0,465.0,87.0
355100905000075,Itararé,Urbana,0.020394900680673,4598.0,4.0,17701.0,177.0,361.0,0.0,0.0,267.0,93.0
355100905000077,Itararé,Urbana,0.017113807484019,5909.0,5.0,39676.0,397.0,679.0,9.0,0.0,542.0,128.0
355100905000078,Itararé,Urbana,0.017660766421854,6123.0,5.0,31595.0,316.0,558.0,0.0,0.0,390.0,166.0
355100905000079,Itararé,Urbana,0.017539719343673,4070.0,3.0,10490.0,105.0,184.0,0.0,0.0,114.0,69.0
355100905000080,Itararé,Urbana,0.048463885179638,3779.0,3.0,5984.0,60.0,290.0,0.0,3.0,189.0,96.0
355100905000082,Itararé,Urbana,0.014642068434489,2425.0,2.0,16459.0,165.0,241.0,0.0,0.0,107.0,134.0
355100905000083,Itararé,Urbana,0.005450913166098,3173.0,3.0,79987.0,800.0,436.0,3.0,0.0,256.0,177.0
355100905000084,Itararé,Urbana,0.005387485894716,2885.0,2.0,76473.0,765.0,412.0,0.0,0.0,258.0,152.0
355100905000086,Itararé,Urbana,0.013556650435608,3303.0,3.0,16818.0,168.0,228.0,4.0,0.0,148.0,76.0
355100905000088,Itararé,Urbana,0.004053504508215,3785.0,3.0,54027.0,540.0,219.0,6.0,0.0,141.0,72.0
355100905000089,Itararé,Urbana,0.002549803381062,2577.0,2.0,131775.0,1318.0,336.0,0.0,0.0,213.0,122.0
355100905000090,Boa Vista,Urbana,0.025011309909956,4143.0,3.0,17272.0,173.0,432.0,0.0,0.0,344.0,86.0
355100905000092,Boa Vista,Urbana,0.029686201023684,6111.0,5.0,12497.0,125.0,371.0,4.0,0.0,276.0,91.0
355100905000094,Boa Vista,Urbana,0.01582777395428,3738.0,3.0,34623.0,346.0,548.0,7.0,0.0,428.0,113.0
355100905000096,Boa Vista,Urbana,0.010717001724197,7366.0,6.0,35644.0,356.0,382.0,5.0,0.0,309.0,68.0
355100905000098,Boa Vista,Urbana,0.019413563237565,5606.0,5.0,29567.0,296.0,574.0,8.0,0.0,477.0,88.0
355100905000099,Boa Vista,Urbana,0.013182730297571,3165.0,3.0,9634.0,96.0,127.0,0.0,0.0,86.0,40.0
355100905000102,Boa Vista,Urbana,0.013248136991866,6526.0,5.0,52158.0,522.0,691.0,9.0,0.0,532.0,150.0
355100905000103,Boa Vista,Urbana,0.007357812872477,3886.0,3.0,54364.0,544.0,400.0,0.0,0.0,271.0,126.0
355100905000106,Gonzaguinha,Urbana,0.017197057232093,4358.0,4.0,12211.0,122.0,210.0,3.0,0.0,155.0,52.0
355100905000109,Gonzaguinha,Urbana,0.020475947113024,4294.0,4.0,25298.0,253.0,518.0,9.0,0.0,340.0,169.0
355100905000110,Gonzaguinha,Urbana,0.015189148670874,5476.0,5.0,17513.0,175.0,266.0,0.0,0.0,201.0,64.0
355100905000111,Gonzaguinha,Urbana,0.010651173932399,4674.0,4.0,36897.0,369.0,393.0,3.0,0.0,272.0,118.0
355100905000113,Gonzaguinha,Urbana,0.009193784324721,5030.0,4.0,48946.0,489.0,450.0,5.0,0.0,306.0,138.0
355100905000114,Gonzaguinha,Urbana,0.006229954266646,3969.0,3.0,68058.0,681.0,424.0,4.0,0.0,285.0,135.0
355100905000115,Gonzaguinha,Urbana,0.006617388429843,4272.0,4.0,49869.0,499.0,330.0,0.0,0.0,239.0,89.0
355100905000116,Gonzaguinha,Urbana,0.004114591624737,4785.0,4.0,45691.0,457.0,188.0,3.0,0.0,128.0,57.0
355100905000117,Gonzaguinha,Urbana,0.003299044960482,2817.0,2.0,91240.0,912.0,301.0,0.0,0.0,195.0,105.0
355100905000118,Gonzaguinha,Urbana,0.010341379675336,4932.0,4.0,50670.0,507.0,524.0,12.0,0.0,331.0,180.0
355100905000119,Gonzaguinha,Urbana,0.00851900634323,4073.0,3.0,52940.0,529.0,451.0,3.0,5.0,304.0,139.0
355100905000120,Gonzaguinha,Urbana,0.002046784014824,2733.0,2.0,54231.0,542.0,111.0,0.0,0.0,55.0,55.0
355100905000122,Gonzaguinha,Urbana,0.002463756034016,2481.0,2.0,116487.0,1165.0,287.0,4.0,0.0,143.0,140.0
355100905000124,Gonzaguinha,Urbana,0.206205392376179,4107.0,3.0,1969.0,20.0,406.0,6.0,0.0,209.0,191.0
355100905000125,Gonzaguinha,Urbana,0.013947840645628,5334.0,4.0,46387.0,464.0,647.0,4.0,0.0,471.0,172.0
355100905000126,Gonzaguinha,Urbana,0.01707106935033,4145.0,3.0,20620.0,206.0,352.0,0.0,0.0,230.0,120.0
355100905000132,Japuí,Urbana,0.067433213721364,2445.0,2.0,6021.0,60.0,406.0,0.0,0.0,214.0,190.0
355100905000133,Parque Bitaru,Urbana,0.059216977621655,3866.0,3.0,6552.0,66.0,388.0,10.0,0.0,238.0,140.0
355100905000134,Parque Bitaru,Urbana,0.03454719655115,2944.0,2.0,10449.0,104.0,361.0,3.0,0.0,211.0,147.0
355100905000135,Parque Bitaru,Urbana,0.07515132024745,3332.0,3.0,11138.0,111.0,837.0,7.0,0.0,483.0,346.0
355100905000136,Parque Bitaru,Urbana,0.039120034295798,3646.0,3.0,16692.0,167.0,653.0,8.0,0.0,377.0,266.0
355100905000138,Parque Bitaru,Urbana,0.025512413715732,1640.0,1.0,25948.0,259.0,662.0,0.0,0.0,213.0,447.0
355100905000140,Parque Bitaru,Urbana,0.038781339969551,2241.0,2.0,15085.0,151.0,585.0,5.0,6.0,264.0,310.0
355100905000141,Parque Bitaru,Urbana,0.032461786066154,2608.0,2.0,13616.0,136.0,442.0,8.0,0.0,255.0,179.0
355100905000142,Parque Bitaru,Urbana,0.014292120526911,1714.0,1.0,27708.0,277.0,396.0,0.0,0.0,188.0,206.0
355100905000145,Parque Bitaru,Urbana,0.015090120103598,1910.0,2.0,30616.0,306.0,462.0,0.0,0.0,183.0,278.0
355100905000146,Parque Bitaru,Urbana,0.044789167664755,2704.0,2.0,11342.0,113.0,508.0,0.0,0.0,281.0,225.0
355100905000147,Parque Bitaru,Urbana,0.034585928283227,2613.0,2.0,15180.0,152.0,525.0,3.0,0.0,248.0,274.0
355100905000148,Parque Bitaru,Urbana,0.043276490228109,2990.0,2.0,11022.0,110.0,477.0,3.0,3.0,253.0,218.0
355100905000150,Vila Margarida,Urbana,0.021252777217276,1785.0,1.0,30161.0,302.0,641.0,0.0,0.0,257.0,383.0
355100905000151,Vila Margarida,Urbana,0.012534226443692,1595.0,1.0,30955.0,310.0,388.0,0.0,0.0,177.0,211.0
355100905000152,Vila Margarida,Urbana,0.025377027678773,1453.0,1.0,25101.0,251.0,637.0,0.0,0.0,194.0,443.0
355100905000153,Vila Margarida,Urbana,0.026225343178567,1589.0,1.0,17273.0,173.0,453.0,0.0,0.0,146.0,307.0
355100905000154,Vila Margarida,Urbana,0.034096585962537,1852.0,2.0,19063.0,191.0,650.0,0.0,0.0,219.0,431.0
355100905000156,Vila Margarida,Urbana,0.029545080215559,1592.0,1.0,17363.0,174.0,513.0,0.0,0.0,159.0,354.0
355100905000157,Vila Margarida,Urbana,0.027925603078994,1712.0,1.0,24852.0,249.0,694.0,0.0,0.0,292.0,401.0
355100905000158,Vila Margarida,Urbana,0.045289166972558,1537.0,1.0,19651.0,197.0,890.0,0.0,0.0,244.0,644.0
355100905000159,Vila Margarida,Urbana,0.023262191359122,1152.0,1.0,25105.0,251.0,584.0,0.0,0.0,181.0,401.0
355100905000160,Vila Margarida,Urbana,0.033702571985265,1415.0,1.0,14895.0,149.0,502.0,0.0,0.0,122.0,380.0
355100905000161,Vila Margarida,Urbana,0.036693589379644,1584.0,1.0,17551.0,176.0,644.0,0.0,3.0,291.0,350.0
355100905000162,Vila Margarida,Urbana,0.02706394506008,1755.0,1.0,18512.0,185.0,501.0,0.0,0.0,159.0,339.0
355100905000163,Vila Margarida,Urbana,0.047275371496762,2128.0,2.0,9899.0,99.0,468.0,0.0,0.0,183.0,285.0
355100905000165,Vila Margarida,Urbana,0.036155657564292,1753.0,1.0,14880.0,149.0,538.0,0.0,0.0,156.0,382.0
355100905000167,Vila Margarida,Urbana,0.034797207456603,1923.0,2.0,16208.0,162.0,564.0,0.0,0.0,294.0,269.0
355100905000168,Vila Margarida,Urbana,0.057826417974632,2249.0,2.0,14250.0,143.0,824.0,0.0,0.0,436.0,387.0
355100905000169,Vila Margarida,Urbana,0.045535679541993,2161.0,2.0,11485.0,115.0,523.0,0.0,0.0,242.0,281.0
355100905000171,Esplanada dos Barreiros,Urbana,0.033031071739498,2565.0,2.0,12261.0,123.0,405.0,0.0,0.0,226.0,179.0
355100905000172,Esplanada dos Barreiros,Urbana,0.065359328844785,3111.0,3.0,11750.0,118.0,768.0,0.0,0.0,401.0,365.0
355100905000173,Esplanada dos Barreiros,Urbana,0.055948333022884,2579.0,2.0,14245.0,142.0,797.0,0.0,0.0,354.0,440.0
355100905000174,Esplanada dos Barreiros,Urbana,0.066548816375123,2168.0,2.0,13193.0,132.0,878.0,0.0,0.0,441.0,437.0
355100905000175,Esplanada dos Barreiros,Urbana,0.064098249702986,2310.0,2.0,12933.0,129.0,829.0,0.0,0.0,358.0,469.0
355100905000176,Esplanada dos Barreiros,Urbana,0.069170804768041,1569.0,1.0,11378.0,114.0,787.0,0.0,0.0,559.0,227.0
355100905000177,Esplanada dos Barreiros,Urbana,0.080505383345597,2185.0,2.0,8509.0,85.0,685.0,4.0,0.0,274.0,407.0
355100905000178,Esplanada dos Barreiros,Urbana,0.02584448023794,2352.0,2.0,6694.0,67.0,173.0,0.0,0.0,98.0,75.0
355100905000179,Esplanada dos Barreiros,Urbana,0.04033229196812,2313.0,2.0,10116.0,101.0,408.0,5.0,0.0,237.0,166.0
355100905000180,Beira Mar,Urbana,0.051638186306852,2806.0,2.0,12704.0,127.0,656.0,0.0,0.0,307.0,347.0
355100905000181,Beira Mar,Urbana,0.073055687181037,2959.0,2.0,12073.0,121.0,882.0,4.0,0.0,493.0,384.0
355100905000183,Beira Mar,Urbana,0.06950203612113,3265.0,3.0,8892.0,89.0,618.0,0.0,0.0,336.0,280.0
355100905000184,Beira Mar,Urbana,0.034484841776993,3065.0,3.0,17979.0,180.0,620.0,0.0,0.0,287.0,333.0
355100905000186,Beira Mar,Urbana,0.053288578399049,2879.0,2.0,6624.0,66.0,353.0,9.0,0.0,205.0,138.0
355100905000187,Beira Mar,Urbana,0.04727936464228,3321.0,3.0,13029.0,130.0,616.0,0.0,0.0,327.0,289.0
355100905000188,Parque São Vicente,Urbana,0.041540019410342,2498.0,2.0,9437.0,94.0,392.0,0.0,0.0,224.0,167.0
355100905000189,Parque São Vicente,Urbana,0.064567261541772,2748.0,2.0,13474.0,135.0,870.0,5.0,3.0,449.0,413.0
355100905000190,Parque São Vicente,Urbana,0.046090254433827,3748.0,3.0,18399.0,184.0,848.0,5.0,0.0,508.0,335.0
355100905000191,Parque São Vicente,Urbana,0.040519685289811,3665.0,3.0,19423.0,194.0,787.0,5.0,0.0,447.0,335.0
355100905000192,Parque São Vicente,Urbana,0.0488212503742,2791.0,2.0,17492.0,175.0,854.0,3.0,4.0,479.0,368.0
355100905000193,Parque São Vicente,Urbana,0.085945583292181,3292.0,3.0,4817.0,48.0,414.0,0.0,0.0,237.0,176.0
355100905000194,Parque São Vicente,Urbana,0.066193818594672,2694.0,2.0,14306.0,143.0,947.0,0.0,0.0,534.0,411.0
355100905000195,Parque São Vicente,Urbana,0.035288457866784,2739.0,2.0,16691.0,167.0,589.0,0.0,0.0,309.0,278.0
355100905000196,Parque São Vicente,Urbana,0.046417727647214,2756.0,2.0,13852.0,139.0,643.0,0.0,0.0,386.0,257.0
355100905000197,Parque São Vicente,Urbana,0.064495391959457,2038.0,2.0,10078.0,101.0,650.0,0.0,0.0,286.0,362.0
355100905000198,Parque São Vicente,Urbana,0.06205090890903,2158.0,2.0,11265.0,113.0,699.0,0.0,0.0,215.0,484.0
355100905000199,Jóckey Club,Urbana,0.039045755532082,2277.0,2.0,8810.0,88.0,344.0,0.0,0.0,159.0,184.0
355100905000200,Jóckey Club,Urbana,0.090987758869542,,,4836.0,48.0,440.0,0.0,0.0,203.0,237.0
355100905000201,Jóckey Club,Urbana,0.092644417599053,2443.0,2.0,8927.0,89.0,827.0,0.0,0.0,417.0,408.0
355100905000202,Jóckey Club,Urbana,0.03483470985774,3110.0,3.0,13263.0,133.0,462.0,0.0,0.0,209.0,253.0
355100905000203,Jóckey Club,Urbana,0.050556575930287,2410.0,2.0,11828.0,118.0,598.0,0.0,0.0,229.0,367.0
355100905000204,Jóckey Club,Urbana,0.058655995719124,2256.0,2.0,11661.0,117.0,684.0,0.0,0.0,294.0,387.0
355100905000205,Jóckey Club,Urbana,0.059805320250289,1819.0,2.0,13761.0,138.0,823.0,0.0,0.0,262.0,560.0
355100905000207,Jóckey Club,Urbana,0.043440463113298,2039.0,2.0,14226.0,142.0,618.0,0.0,0.0,284.0,334.0
355100905000208,Jóckey Club,Urbana,0.057698745050353,2134.0,2.0,14766.0,148.0,852.0,0.0,0.0,387.0,464.0
355100905000210,Jóckey Club,Urbana,0.056645349157726,1698.0,1.0,11881.0,119.0,673.0,0.0,0.0,241.0,431.0
355100905000211,Jóckey Club,Urbana,0.076368836374635,1625.0,1.0,18646.0,186.0,1424.0,0.0,0.0,427.0,996.0
355100905000214,Jóckey Club,Urbana,0.049727648336725,2332.0,2.0,13755.0,138.0,684.0,3.0,0.0,266.0,415.0
355100905000215,Jóckey Club,Urbana,0.045844985105299,1882.0,2.0,12346.0,123.0,566.0,0.0,0.0,183.0,383.0
355100905000216,Jóckey Club,Urbana,0.068625382483476,2364.0,2.0,11905.0,119.0,817.0,0.0,0.0,358.0,459.0
355100905000219,Vila Nossa Senhora de Fátima,Urbana,0.053828845452535,3250.0,3.0,14862.0,149.0,800.0,0.0,0.0,444.0,356.0
355100905000220,Vila Nossa Senhora de Fátima,Urbana,0.070325646989024,3396.0,3.0,11347.0,113.0,798.0,0.0,0.0,400.0,397.0
355100905000221,Vila Nossa Senhora de Fátima,Urbana,0.048222573108292,3252.0,3.0,14205.0,142.0,685.0,3.0,0.0,408.0,274.0
355100905000222,Vila Nossa Senhora de Fátima,Urbana,0.072750108079311,2473.0,2.0,10735.0,107.0,781.0,0.0,0.0,366.0,415.0
355100905000226,Vila Nossa Senhora de Fátima,Urbana,0.048051131662441,2045.0,2.0,7242.0,72.0,348.0,0.0,0.0,123.0,225.0
355100905000227,Vila Nossa Senhora de Fátima,Urbana,0.05743281346023,2777.0,2.0,14069.0,141.0,808.0,0.0,0.0,390.0,418.0
355100905000228,Vila Nossa Senhora de Fátima,Urbana,0.074216692112258,2230.0,2.0,11534.0,115.0,856.0,0.0,0.0,450.0,406.0
355100905000229,Cidade Náutica,Urbana,0.07617035375116,3120.0,3.0,8008.0,80.0,610.0,0.0,0.0,334.0,274.0
355100905000230,Cidade Náutica,Urbana,0.065837709049949,2781.0,2.0,8172.0,82.0,538.0,0.0,0.0,254.0,282.0
355100905000232,Cidade Náutica,Urbana,0.06993822092871,3484.0,3.0,10652.0,107.0,745.0,0.0,0.0,413.0,331.0
355100905000233,Cidade Náutica,Urbana,0.125900862422432,3285.0,3.0,8562.0,86.0,1078.0,6.0,0.0,587.0,485.0
355100905000234,Cidade Náutica,Urbana,0.125278011121763,2728.0,2.0,3193.0,32.0,400.0,0.0,0.0,166.0,234.0
355100905000235,Cidade Náutica,Urbana,0.119801985620231,2817.0,2.0,5192.0,52.0,622.0,4.0,0.0,315.0,302.0
355100905000238,Cidade Náutica,Urbana,0.059406473956004,2630.0,2.0,15621.0,156.0,928.0,0.0,0.0,350.0,577.0
355100905000240,Cidade Náutica,Urbana,0.023095773438764,2046.0,2.0,33859.0,339.0,782.0,0.0,0.0,349.0,430.0
355100905000241,Cidade Náutica,Urbana,0.022746275047283,2597.0,2.0,30554.0,306.0,695.0,0.0,4.0,352.0,339.0
355100905000243,Cidade Náutica,Urbana,0.05188637141966,2667.0,2.0,12527.0,125.0,650.0,0.0,0.0,226.0,423.0
355100905000244,Cidade Náutica,Urbana,0.048689737518526,2334.0,2.0,13904.0,139.0,677.0,0.0,0.0,304.0,372.0
355100905000245,Cidade Náutica,Urbana,0.056839535999318,2075.0,2.0,13301.0,133.0,756.0,6.0,0.0,350.0,400.0
355100905000246,Cidade Náutica,Urbana,0.061258922102675,2741.0,2.0,10937.0,109.0,670.0,7.0,0.0,308.0,355.0
355100905000247,Cidade Náutica,Urbana,0.040668958051706,2039.0,2.0,16204.0,162.0,659.0,0.0,0.0,283.0,376.0
355100905000248,Cidade Náutica,Urbana,0.036608871964415,2143.0,2.0,11363.0,114.0,416.0,0.0,0.0,189.0,227.0
355100905000249,Cidade Náutica,Urbana,0.043263656655276,2751.0,2.0,17728.0,177.0,767.0,3.0,0.0,361.0,403.0
355100905000250,Cidade Náutica,Urbana,0.032498396442489,1596.0,1.0,10677.0,107.0,347.0,0.0,0.0,120.0,227.0
355100905000251,Cidade Náutica,Urbana,0.01665437989491,1531.0,1.0,22156.0,222.0,369.0,0.0,0.0,73.0,296.0
355100905000252,Cidade Náutica,Urbana,0.067685687489307,3123.0,3.0,10416.0,104.0,705.0,0.0,0.0,344.0,359.0
355100905000253,Cidade Náutica,Urbana,0.084517883522092,2778.0,2.0,7004.0,70.0,592.0,6.0,0.0,342.0,243.0
355100905000254,Cidade Náutica,Urbana,0.067447138605589,3356.0,3.0,5189.0,52.0,350.0,0.0,0.0,180.0,168.0
355100905000255,Cidade Náutica,Urbana,0.04884021331333,3179.0,3.0,10708.0,107.0,523.0,0.0,0.0,216.0,306.0
355100905000256,Cidade Náutica,Urbana,0.06305420805242,2326.0,2.0,12656.0,127.0,798.0,7.0,0.0,375.0,415.0
355100905000257,Cidade Náutica,Urbana,0.057998624499495,2380.0,2.0,13449.0,134.0,780.0,7.0,0.0,343.0,430.0
355100905000258,Cidade Náutica,Urbana,0.051133666254938,2481.0,2.0,14804.0,148.0,757.0,0.0,0.0,335.0,420.0
355100905000259,Cidade Náutica,Urbana,0.066902953205331,2919.0,2.0,13691.0,137.0,916.0,0.0,0.0,417.0,498.0
355100905000260,Cidade Náutica,Urbana,0.064593810696154,2635.0,2.0,12029.0,120.0,777.0,5.0,3.0,355.0,414.0
355100905000262,Jardim Irmã Dolores,Urbana,0.044226166051353,1627.0,1.0,15556.0,156.0,688.0,0.0,0.0,258.0,428.0
355100905000263,Jardim Irmã Dolores,Urbana,0.043722834259619,1517.0,1.0,17497.0,175.0,765.0,0.0,0.0,319.0,446.0
355100905000264,Jardim Irmã Dolores,Urbana,0.025577644670337,1414.0,1.0,7937.0,79.0,203.0,0.0,0.0,36.0,166.0
355100905000266,Jardim Irmã Dolores,Urbana,0.058913119531663,1957.0,2.0,14564.0,146.0,858.0,0.0,0.0,320.0,538.0
355100905000269,Jardim Irmã Dolores,Urbana,0.030273321696139,2265.0,2.0,17937.0,179.0,543.0,0.0,0.0,196.0,346.0
355100905000270,Jardim Irmã Dolores,Urbana,0.095229511571811,2475.0,2.0,8275.0,83.0,788.0,0.0,0.0,294.0,494.0
355100905000271,Jardim Irmã Dolores,Urbana,0.061209891191933,2026.0,2.0,11714.0,117.0,717.0,0.0,4.0,273.0,439.0
355100905000276,Jardim Irmã Dolores,Urbana,0.049985463895302,2311.0,2.0,17905.0,179.0,895.0,0.0,0.0,263.0,632.0
355100905000277,Jardim Irmã Dolores,Urbana,0.047320528795269,2458.0,2.0,16504.0,165.0,781.0,0.0,0.0,252.0,528.0
355100905000279,Parque Continental,Urbana,0.060417408087929,2088.0,2.0,12910.0,129.0,780.0,0.0,0.0,314.0,464.0
355100905000280,Parque Continental,Urbana,0.056607763413038,1325.0,1.0,20121.0,201.0,1139.0,0.0,0.0,348.0,790.0
355100905000284,Jardim Rio Branco,Urbana,0.105003862060252,7667.0,6.0,36561.0,366.0,3839.0,4.0,3.0,1163.0,2669.0
355100905000285,Jardim Rio Branco,Urbana,0.086067538526209,,,,,,0.0,0.0,,
355100905000286,Parque Continental,Urbana,0.089023477384444,2691.0,2.0,11896.0,119.0,1059.0,0.0,0.0,494.0,565.0
355100905000290,Parque Continental,Urbana,0.067648388056227,2078.0,2.0,14014.0,140.0,948.0,0.0,0.0,310.0,638.0
355100905000291,Parque Continental,Urbana,0.064469040772354,1987.0,2.0,13588.0,136.0,876.0,11.0,0.0,315.0,548.0
355100905000292,Humaitá,Urbana,0.070069743155957,1913.0,2.0,14428.0,144.0,1011.0,0.0,0.0,378.0,632.0
355100905000294,Humaitá,Urbana,0.063255183671227,2246.0,2.0,14924.0,149.0,944.0,0.0,0.0,365.0,578.0
355100905000296,Humaitá,Urbana,0.057252447107268,2193.0,2.0,15353.0,154.0,879.0,0.0,0.0,304.0,573.0
355100905000298,Humaitá,Urbana,0.057698709757562,2159.0,2.0,15980.0,160.0,922.0,0.0,0.0,325.0,597.0
355100905000299,Humaitá,Urbana,0.077793522057766,2191.0,2.0,11055.0,111.0,860.0,5.0,0.0,378.0,476.0
355100905000300,Humaitá,Urbana,0.091142918414681,2300.0,2.0,9085.0,91.0,828.0,0.0,0.0,328.0,499.0
355100905000301,Humaitá,Urbana,0.044815777147077,2333.0,2.0,22269.0,223.0,998.0,0.0,0.0,444.0,553.0
355100905000302,Humaitá,Urbana,0.070530479027944,1974.0,2.0,12066.0,121.0,851.0,0.0,0.0,414.0,437.0
355100905000303,Humaitá,Rural,5.291835019689008,,,,,,0.0,0.0,,
355100905000304,Humaitá,Urbana,0.06333599333504,2240.0,2.0,14036.0,140.0,889.0,0.0,0.0,363.0,524.0
355100905000307,Jardim Rio Branco,Urbana,0.095159783192298,2130.0,2.0,8922.0,89.0,849.0,0.0,0.0,312.0,536.0
355100905000308,Jardim Rio Branco,Urbana,0.070303561459716,1858.0,2.0,13698.0,137.0,963.0,0.0,3.0,388.0,572.0
355100905000309,Jardim Rio Branco,Urbana,0.0615439470764,1880.0,2.0,15144.0,151.0,932.0,0.0,0.0,333.0,599.0
355100905000310,Jardim Rio Branco,Urbana,0.064408330809476,2247.0,2.0,10728.0,107.0,691.0,0.0,0.0,250.0,439.0
355100905000312,Jardim Rio Branco,Urbana,0.059225616372922,2252.0,2.0,13238.0,132.0,784.0,0.0,0.0,353.0,430.0
355100905000313,Jardim Rio Branco,Urbana,0.081408004267623,2444.0,2.0,11534.0,115.0,939.0,0.0,0.0,372.0,566.0
355100905000320,Nova São Vicente,Urbana,0.051051274831534,2367.0,2.0,15710.0,157.0,802.0,0.0,3.0,398.0,401.0
355100905000322,Nova São Vicente,Urbana,0.083112074724814,2443.0,2.0,3598.0,36.0,299.0,0.0,0.0,108.0,191.0
355100905000323,Parque das Bandeiras,Urbana,0.047155324747545,2191.0,2.0,9373.0,94.0,442.0,0.0,0.0,148.0,291.0
355100905000324,Parque das Bandeiras,Urbana,0.07838351394142,2301.0,2.0,10142.0,101.0,795.0,0.0,0.0,314.0,481.0
355100905000326,Parque das Bandeiras,Urbana,0.059074553147456,2202.0,2.0,13678.0,137.0,808.0,0.0,0.0,302.0,505.0
355100905000327,Parque das Bandeiras,Urbana,0.085599026337257,2132.0,2.0,9545.0,95.0,817.0,4.0,0.0,302.0,509.0
355100905000328,Parque das Bandeiras,Rural,2.055899352255834,,,11.0,0.0,23.0,0.0,0.0,5.0,18.0
355100905000333,Parque das Bandeiras,Urbana,0.07624581325056,2311.0,2.0,10243.0,102.0,781.0,0.0,4.0,322.0,455.0
355100905000334,Parque das Bandeiras,Urbana,0.06924249917657,2248.0,2.0,11568.0,116.0,801.0,0.0,0.0,313.0,487.0
355100905000335,Parque das Bandeiras,Urbana,0.0386789098668,2866.0,2.0,7808.0,78.0,302.0,0.0,0.0,122.0,180.0
355100905000336,Gonzaguinha,Urbana,0.00779309737525,4268.0,4.0,11035.0,110.0,86.0,0.0,0.0,42.0,43.0
355100905000337,Vila Margarida,Urbana,0.023325885090012,1660.0,1.0,19978.0,200.0,466.0,0.0,0.0,128.0,337.0
355100905000338,Jóckey Club,Urbana,0.056749267736425,2054.0,2.0,14802.0,148.0,840.0,0.0,0.0,259.0,581.0
355100905000339,Jóckey Club,Urbana,0.047955422420452,1471.0,1.0,15473.0,155.0,742.0,0.0,0.0,242.0,500.0
355100905000340,Catiapoã,Urbana,0.039954922758681,3441.0,3.0,11062.0,111.0,442.0,17.0,0.0,238.0,187.0
355100905000342,Vila Melo,Urbana,0.047350064334867,3466.0,3.0,10982.0,110.0,520.0,0.0,0.0,318.0,201.0
355100905000343,Jardim Independência,Urbana,0.043767567282202,4298.0,4.0,10716.0,107.0,469.0,0.0,0.0,283.0,186.0
355100905000344,Japuí,Urbana,0.100539557732508,2790.0,2.0,10265.0,103.0,1032.0,8.0,4.0,587.0,433.0
355100905000345,Parque Bitaru,Urbana,0.081504543810043,3091.0,3.0,6822.0,68.0,556.0,10.0,0.0,283.0,263.0
355100905000346,Vila Margarida,Urbana,0.029373747364349,1782.0,1.0,16682.0,167.0,490.0,0.0,0.0,197.0,293.0
355100905000348,Vila Margarida,Urbana,0.048637427477525,1171.0,1.0,14310.0,143.0,696.0,0.0,0.0,191.0,505.0
355100905000349,Beira Mar,Urbana,0.037763639019627,2359.0,2.0,11651.0,117.0,440.0,0.0,0.0,183.0,256.0
355100905000350,Beira Mar,Urbana,0.031356794571185,2878.0,2.0,15722.0,157.0,493.0,0.0,0.0,226.0,267.0
355100905000351,Jóckey Club,Urbana,0.044866375038319,2165.0,2.0,13730.0,137.0,616.0,0.0,0.0,237.0,379.0
355100905000359,Vila Nossa Senhora de Fátima,Urbana,0.040232598110051,2744.0,2.0,16231.0,162.0,653.0,0.0,0.0,352.0,300.0
355100905000360,Cidade Náutica,Urbana,0.035735348147294,3191.0,3.0,14607.0,146.0,522.0,0.0,0.0,258.0,264.0
355100905000361,Cidade Náutica,Urbana,0.104250521064894,2410.0,2.0,6878.0,69.0,717.0,0.0,0.0,343.0,372.0
355100905000362,Cidade Náutica,Urbana,0.030316634008005,2122.0,2.0,22265.0,223.0,675.0,0.0,0.0,303.0,372.0
355100905000363,Cidade Náutica,Urbana,0.035023040611373,2217.0,2.0,15076.0,151.0,528.0,9.0,0.0,220.0,298.0
355100905000364,Cidade Náutica,Urbana,0.041903282638949,2194.0,2.0,11431.0,114.0,479.0,0.0,0.0,223.0,255.0
355100905000365,Parque Continental,Urbana,0.063873513156942,2699.0,2.0,12290.0,123.0,785.0,0.0,0.0,299.0,485.0
355100905000367,Samarita,Urbana,0.010393846154469,2049.0,2.0,50607.0,506.0,526.0,0.0,0.0,222.0,303.0
355100905000368,Samarita,Urbana,0.00909317036608,2059.0,2.0,45968.0,460.0,418.0,0.0,0.0,204.0,214.0
355100905000370,Samarita,Urbana,0.008448365979196,1811.0,1.0,60485.0,605.0,511.0,0.0,0.0,191.0,320.0
355100905000371,Samarita,Urbana,0.008137706167455,2243.0,2.0,57141.0,571.0,465.0,3.0,0.0,198.0,264.0
355100905000372,Jardim Rio Branco,Urbana,0.070404690464484,2090.0,2.0,14672.0,147.0,1033.0,0.0,4.0,397.0,632.0
355100905000373,Jardim Rio Branco,Urbana,0.049906760804466,2236.0,2.0,16972.0,170.0,847.0,0.0,0.0,283.0,564.0
355100905000375,Jardim Rio Branco,Urbana,0.074881307470405,2059.0,2.0,10737.0,107.0,804.0,0.0,0.0,281.0,523.0
355100905000376,Vila Ema,Urbana,0.010888911138583,2255.0,2.0,40592.0,406.0,442.0,0.0,0.0,178.0,262.0
355100905000377,Vila Ema,Urbana,0.011895603956975,2345.0,2.0,37325.0,373.0,444.0,0.0,0.0,174.0,270.0
355100905000380,Jóckey Club,Urbana,0.039000657813817,1517.0,1.0,13846.0,138.0,540.0,0.0,0.0,242.0,298.0
355100905000381,Jóckey Club,Urbana,0.019277840564684,1718.0,1.0,31331.0,313.0,604.0,0.0,0.0,188.0,415.0
355100905000382,Vila Margarida,Urbana,0.036410759567243,1953.0,2.0,18593.0,186.0,677.0,0.0,5.0,226.0,444.0
355100905000383,Vila Margarida,Urbana,0.021802939891692,1712.0,1.0,27152.0,272.0,592.0,0.0,0.0,194.0,398.0
355100905000384,Vila Margarida,Urbana,0.016133382365749,1543.0,1.0,32603.0,326.0,526.0,0.0,0.0,191.0,335.0
355100905000385,Vila Margarida,Urbana,0.022247262783602,1515.0,1.0,31959.0,320.0,711.0,0.0,0.0,243.0,468.0
355100905000387,Cidade Náutica,Urbana,0.02146275894979,1645.0,1.0,9085.0,91.0,195.0,0.0,0.0,86.0,109.0
355100905000393,Centro,Urbana,0.021285628305647,2929.0,2.0,13436.0,134.0,286.0,5.0,0.0,158.0,123.0
355100905000394,Catiapoã,Urbana,0.091174765130096,3182.0,3.0,9718.0,97.0,886.0,0.0,0.0,440.0,445.0
355100905000395,Catiapoã,Urbana,0.037684262159636,1392.0,1.0,22290.0,223.0,840.0,4.0,0.0,260.0,576.0
355100905000396,Catiapoã,Urbana,0.025590397204897,,,10903.0,109.0,279.0,0.0,0.0,143.0,132.0
355100905000397,Jóckey Club,Urbana,0.018369601431378,1721.0,1.0,10996.0,110.0,202.0,0.0,0.0,70.0,132.0
355100905000398,Catiapoã,Urbana,0.031403799004859,2004.0,2.0,20284.0,203.0,637.0,0.0,0.0,277.0,360.0
355100905000399,Catiapoã,Urbana,0.040580209858508,2945.0,2.0,11705.0,117.0,475.0,3.0,6.0,238.0,228.0
355100905000400,Catiapoã,Urbana,0.028794498813202,3987.0,3.0,18649.0,186.0,537.0,3.0,0.0,342.0,192.0
355100905000401,Catiapoã,Urbana,0.032714832663554,4055.0,3.0,14611.0,146.0,478.0,4.0,3.0,284.0,187.0
355100905000402,Catiapoã,Urbana,0.010342233015428,3396.0,3.0,12667.0,127.0,131.0,4.0,0.0,81.0,46.0
355100905000403,Vila Melo,Urbana,0.03774329220604,3948.0,3.0,13035.0,130.0,492.0,10.0,0.0,289.0,193.0
355100905000405,Jardim Guassu,Urbana,0.048610185422815,2700.0,2.0,8373.0,84.0,407.0,0.0,0.0,245.0,162.0
355100905000406,Vila São Jorge,Urbana,0.034019787303322,3256.0,3.0,10318.0,103.0,351.0,0.0,0.0,225.0,125.0
355100905000407,Vila São Jorge,Urbana,0.036483105079472,5108.0,4.0,10388.0,104.0,379.0,8.0,0.0,252.0,119.0
355100905000409,Vila São Jorge,Urbana,0.047541001049107,3231.0,3.0,13020.0,130.0,619.0,0.0,0.0,365.0,252.0
355100905000410,Jardim Independência,Urbana,0.038412197462201,3546.0,3.0,11871.0,119.0,456.0,4.0,0.0,339.0,113.0
355100905000411,Jardim Independência,Urbana,0.013354900503548,2956.0,2.0,11531.0,115.0,154.0,8.0,0.0,107.0,39.0
355100905000412,Jardim Independência,Urbana,0.005602040763733,4443.0,4.0,8747.0,87.0,49.0,0.0,0.0,33.0,16.0
355100905000413,Vila Voturuá,Urbana,0.048374457952767,3692.0,3.0,14036.0,140.0,679.0,0.0,0.0,411.0,265.0
355100905000416,Vila Valença,Urbana,0.028200403780763,4289.0,4.0,13262.0,133.0,374.0,7.0,0.0,285.0,82.0
355100905000417,Vila Valença,Urbana,0.037166511085043,4359.0,4.0,11031.0,110.0,410.0,5.0,0.0,268.0,137.0
355100905000418,Vila Valença,Urbana,0.019857858496172,3930.0,3.0,18330.0,183.0,364.0,0.0,0.0,248.0,115.0
355100905000419,Vila Valença,Urbana,0.024843388194858,4648.0,4.0,13847.0,138.0,344.0,0.0,0.0,244.0,99.0
355100905000420,Boa Vista,Urbana,0.015355545722986,7414.0,6.0,29761.0,298.0,457.0,5.0,0.0,366.0,85.0
355100905000421,Boa Vista,Urbana,0.019620748147117,6324.0,5.0,19469.0,195.0,382.0,8.0,0.0,257.0,116.0
355100905000422,Gonzaguinha,Urbana,0.017768806352738,3592.0,3.0,26507.0,265.0,471.0,3.0,0.0,311.0,157.0
355100905000423,Gonzaguinha,Urbana,0.004095846917048,4299.0,4.0,70316.0,703.0,288.0,3.0,0.0,180.0,104.0
355100905000424,Centro,Urbana,0.012587414799137,2967.0,2.0,8659.0,87.0,109.0,0.0,0.0,74.0,35.0
355100905000427,Parque Bitaru,Urbana,0.058873840413378,4477.0,4.0,10531.0,105.0,620.0,8.0,0.0,350.0,262.0
355100905000428,Parque Bitaru,Urbana,0.058432755701034,3977.0,3.0,12972.0,130.0,758.0,7.0,3.0,443.0,305.0
355100905000429,Parque Bitaru,Urbana,0.039759598790876,3774.0,3.0,10513.0,105.0,418.0,7.0,0.0,229.0,182.0
355100905000431,Vila Margarida,Urbana,0.011894506283921,2244.0,2.0,7819.0,78.0,93.0,0.0,0.0,38.0,55.0
355100905000432,Parque Bitaru,Urbana,0.024619474808155,1917.0,2.0,28798.0,288.0,709.0,0.0,0.0,257.0,451.0
355100905000433,Parque Bitaru,Urbana,0.007147075539711,1778.0,1.0,17490.0,175.0,125.0,0.0,0.0,34.0,90.0
355100905000434,Parque Bitaru,Urbana,0.044906327560644,2601.0,2.0,8796.0,88.0,395.0,0.0,0.0,187.0,204.0
355100905000435,Parque Bitaru,Urbana,0.022959763696472,1749.0,1.0,37370.0,374.0,858.0,0.0,4.0,311.0,543.0
355100905000436,Parque Bitaru,Urbana,0.033429524701988,3026.0,2.0,12653.0,127.0,423.0,9.0,0.0,221.0,193.0
355100905000437,Vila Margarida,Urbana,0.018156503355896,2122.0,2.0,26492.0,265.0,481.0,0.0,0.0,169.0,311.0
355100905000438,Vila Margarida,Urbana,0.034375489677914,1512.0,1.0,19054.0,191.0,655.0,0.0,0.0,212.0,443.0
355100905000439,Vila Margarida,Urbana,0.017646182727586,1562.0,1.0,20514.0,205.0,362.0,0.0,3.0,129.0,230.0
355100905000440,Vila Margarida,Urbana,0.02069136174449,1808.0,1.0,24745.0,247.0,512.0,0.0,0.0,168.0,342.0
355100905000441,Vila Margarida,Urbana,0.037698761075361,1923.0,2.0,15120.0,151.0,570.0,0.0,0.0,173.0,397.0
355100905000442,Vila Margarida,Urbana,0.026534082509922,1456.0,1.0,31507.0,315.0,836.0,0.0,0.0,261.0,575.0
355100905000443,Vila Margarida,Urbana,0.043374532467619,1855.0,2.0,13003.0,130.0,564.0,0.0,0.0,226.0,338.0
355100905000445,Vila Margarida,Urbana,0.039039905744903,1895.0,2.0,14652.0,147.0,572.0,0.0,0.0,286.0,284.0
355100905000446,Vila Margarida,Urbana,0.034372978984124,2378.0,2.0,10532.0,105.0,362.0,0.0,0.0,192.0,168.0
355100905000448,Esplanada dos Barreiros,Urbana,0.02694677985587,2334.0,2.0,13137.0,131.0,354.0,0.0,0.0,187.0,164.0
355100905000449,Esplanada dos Barreiros,Urbana,0.008619377043434,2037.0,2.0,11950.0,120.0,103.0,0.0,0.0,48.0,55.0
355100905000450,Esplanada dos Barreiros,Urbana,0.034504969465939,2068.0,2.0,17273.0,173.0,596.0,0.0,0.0,266.0,330.0
355100905000451,Esplanada dos Barreiros,Urbana,0.037944647637176,2579.0,2.0,15760.0,158.0,598.0,0.0,0.0,295.0,303.0
355100905000452,Esplanada dos Barreiros,Urbana,0.012051620801761,2678.0,2.0,11534.0,115.0,139.0,0.0,0.0,65.0,74.0
355100905000453,Beira Mar,Urbana,0.025149002503766,3605.0,3.0,15349.0,153.0,386.0,0.0,0.0,200.0,186.0
355100905000454,Beira Mar,Urbana,0.009417030311345,2598.0,2.0,5097.0,51.0,48.0,0.0,0.0,23.0,25.0
355100905000455,Beira Mar,Urbana,0.034068222429482,2704.0,2.0,14412.0,144.0,491.0,0.0,0.0,204.0,287.0
355100905000456,Beira Mar,Urbana,0.025831985875656,2375.0,2.0,12543.0,125.0,324.0,0.0,0.0,168.0,154.0
355100905000457,Parque São Vicente,Urbana,0.033507758143823,3071.0,3.0,16921.0,169.0,567.0,3.0,0.0,297.0,265.0
355100905000459,Parque São Vicente,Urbana,0.013338758757105,1465.0,1.0,17243.0,172.0,230.0,0.0,0.0,75.0,155.0
355100905000460,Parque São Vicente,Urbana,0.034519987940596,2666.0,2.0,15093.0,151.0,521.0,0.0,0.0,260.0,259.0
355100905000461,Parque São Vicente,Urbana,0.039489810150559,2818.0,2.0,11775.0,118.0,465.0,0.0,0.0,260.0,203.0
355100905000462,Jóckey Club,Urbana,0.054645637950818,2018.0,2.0,8381.0,84.0,458.0,0.0,0.0,198.0,260.0
355100905000463,Jóckey Club,Urbana,0.03732922984752,3074.0,3.0,17279.0,173.0,645.0,0.0,0.0,321.0,323.0
355100905000465,Jóckey Club,Urbana,0.014853503435874,1698.0,1.0,14475.0,145.0,215.0,0.0,0.0,63.0,152.0
355100905000466,Jóckey Club,Urbana,0.044802775257565,2306.0,2.0,11450.0,115.0,513.0,0.0,0.0,236.0,277.0
355100905000467,Vila Nossa Senhora de Fátima,Urbana,0.045060107426511,3186.0,3.0,10320.0,103.0,465.0,0.0,0.0,259.0,205.0
355100905000468,Vila Nossa Senhora de Fátima,Urbana,0.010225028153907,2003.0,2.0,27873.0,279.0,285.0,0.0,0.0,82.0,203.0
355100905000469,Vila Nossa Senhora de Fátima,Urbana,0.036414185037114,2095.0,2.0,8980.0,90.0,327.0,0.0,0.0,156.0,169.0
355100905000470,Vila Nossa Senhora de Fátima,Urbana,0.003119624279351,1164.0,1.0,29812.0,298.0,93.0,0.0,0.0,,
355100905000471,Cidade Náutica,Urbana,0.019533942372313,3649.0,3.0,8344.0,83.0,163.0,0.0,0.0,84.0,79.0
355100905000472,Cidade Náutica,Urbana,0.016911721572176,1677.0,1.0,7569.0,76.0,128.0,0.0,0.0,39.0,88.0
355100905000473,Cidade Náutica,Urbana,0.01001208834562,2832.0,2.0,6193.0,62.0,62.0,0.0,0.0,36.0,26.0
355100905000474,Cidade Náutica,Urbana,0.030034580302049,3117.0,3.0,3829.0,38.0,115.0,0.0,0.0,47.0,68.0
355100905000475,Cidade Náutica,Urbana,0.094362684939994,3077.0,3.0,8584.0,86.0,810.0,0.0,0.0,322.0,487.0
355100905000476,Cidade Náutica,Urbana,0.048504662437294,2180.0,2.0,11050.0,111.0,536.0,0.0,0.0,238.0,298.0
355100905000477,Cidade Náutica,Urbana,0.04867440311256,3073.0,3.0,11854.0,119.0,577.0,0.0,0.0,299.0,278.0
355100905000478,Cidade Náutica,Urbana,0.034671303327796,2339.0,2.0,12085.0,121.0,419.0,0.0,0.0,171.0,248.0
355100905000479,Cidade Náutica,Urbana,0.014923383524233,2039.0,2.0,25530.0,255.0,381.0,0.0,0.0,138.0,242.0
355100905000480,Vila Nossa Senhora de Fátima,Urbana,0.035898040916096,1823.0,2.0,16324.0,163.0,586.0,0.0,0.0,198.0,388.0
355100905000481,Cidade Náutica,Urbana,0.057065047237935,2697.0,2.0,9305.0,93.0,531.0,0.0,0.0,249.0,280.0
355100905000482,Cidade Náutica,Urbana,0.030766258621325,2661.0,2.0,8223.0,82.0,253.0,0.0,0.0,117.0,134.0
355100905000483,Cidade Náutica,Urbana,0.043653331431416,3287.0,3.0,15715.0,157.0,686.0,0.0,0.0,351.0,334.0
355100905000484,Jardim Irmã Dolores,Urbana,0.045476525224322,1972.0,2.0,13018.0,130.0,592.0,0.0,0.0,227.0,364.0
355100905000486,Jardim Irmã Dolores,Urbana,0.034363611624922,1590.0,1.0,22058.0,221.0,758.0,0.0,0.0,307.0,451.0
355100905000489,Jardim Irmã Dolores,Urbana,0.036593239173757,2638.0,2.0,13773.0,138.0,504.0,0.0,0.0,152.0,351.0
355100905000490,Jardim Irmã Dolores,Urbana,0.039565211602724,2324.0,2.0,16985.0,170.0,672.0,0.0,0.0,249.0,422.0
355100905000491,Jardim Irmã Dolores,Urbana,0.020207155056921,1868.0,2.0,14599.0,146.0,295.0,0.0,0.0,101.0,194.0
355100905000492,Jardim Irmã Dolores,Urbana,0.032385721006731,2040.0,2.0,14049.0,140.0,455.0,0.0,0.0,148.0,307.0
355100905000494,Jardim Irmã Dolores,Urbana,0.101523061941972,1493.0,1.0,8638.0,86.0,877.0,0.0,0.0,266.0,611.0
355100905000495,Parque Continental,Urbana,0.05761450022713,2494.0,2.0,11907.0,119.0,686.0,0.0,0.0,254.0,432.0
355100905000498,Jardim Rio Branco,Urbana,0.050559309016369,1841.0,2.0,13469.0,135.0,681.0,0.0,6.0,288.0,385.0
355100905000499,Jardim Rio Branco,Urbana,0.047079727369286,2301.0,2.0,16037.0,160.0,755.0,0.0,3.0,301.0,451.0
355100905000500,Jardim Rio Branco,Urbana,0.040511233601058,1947.0,2.0,13280.0,133.0,538.0,0.0,0.0,164.0,373.0
355100905000503,Nova São Vicente,Urbana,0.050308034849879,2493.0,2.0,12463.0,125.0,627.0,0.0,0.0,253.0,374.0
355100905000504,Nova São Vicente,Urbana,0.004130332721901,1482.0,1.0,20580.0,206.0,85.0,0.0,0.0,31.0,54.0
355100905000507,Parque das Bandeiras,Urbana,0.050286301227602,1810.0,1.0,8710.0,87.0,438.0,0.0,3.0,182.0,253.0
355100905000508,Parque das Bandeiras,Urbana,0.044412735188803,2595.0,2.0,8736.0,87.0,388.0,0.0,0.0,193.0,195.0
355100905000509,Vila Margarida,Urbana,0.016874660782962,1926.0,2.0,34430.0,344.0,581.0,0.0,0.0,140.0,439.0
355100905000510,Jardim Irmã Dolores,Urbana,0.052893170534649,1364.0,1.0,9585.0,96.0,507.0,3.0,0.0,149.0,355.0
355100905000511,Jardim Irmã Dolores,Urbana,0.049758334386963,1593.0,1.0,10270.0,103.0,511.0,0.0,0.0,149.0,362.0
355100905000513,Jardim Irmã Dolores,Urbana,0.036444784710668,2244.0,2.0,16463.0,165.0,600.0,0.0,0.0,227.0,373.0
355100905000514,Jardim Irmã Dolores,Urbana,0.064713051025828,,,15994.0,160.0,1035.0,0.0,0.0,312.0,721.0
355100905000516,Jardim Irmã Dolores,Urbana,0.010394421896546,1237.0,1.0,17894.0,179.0,186.0,0.0,0.0,78.0,108.0
355100905000517,Humaitá,Urbana,0.045321629744913,2344.0,2.0,19527.0,195.0,885.0,0.0,0.0,375.0,510.0
355100905000521,Centro,Urbana,0.073651816292531,3564.0,3.0,5268.0,53.0,388.0,0.0,0.0,241.0,145.0
355100905000522,Centro,Urbana,0.018296359673465,4989.0,4.0,24978.0,250.0,457.0,0.0,0.0,307.0,147.0
355100905000523,Centro,Urbana,0.006916916660603,3249.0,3.0,83130.0,831.0,575.0,3.0,0.0,347.0,223.0
355100905000524,Centro,Urbana,0.011985071852817,3479.0,3.0,37213.0,372.0,446.0,3.0,0.0,262.0,181.0
355100905000525,Centro,Urbana,0.051186549931325,3478.0,3.0,9553.0,96.0,489.0,9.0,0.0,326.0,154.0
355100905000526,Centro,Urbana,0.044142885837101,2864.0,2.0,5958.0,60.0,263.0,12.0,0.0,162.0,87.0
355100905000527,Centro,Urbana,0.015770719781694,5086.0,4.0,28407.0,284.0,448.0,7.0,0.0,304.0,136.0
355100905000528,Centro,Urbana,0.015970382901911,4704.0,4.0,11459.0,115.0,183.0,0.0,0.0,122.0,59.0
355100905000529,Centro,Urbana,0.054576373575295,4378.0,4.0,6779.0,68.0,370.0,0.0,3.0,254.0,111.0
355100905000530,Centro,Urbana,0.028501689048562,3111.0,3.0,22946.0,229.0,654.0,9.0,0.0,421.0,224.0
355100905000531,Centro,Urbana,0.092728443035498,3122.0,3.0,4249.0,42.0,394.0,6.0,0.0,227.0,159.0
355100905000533,Catiapoã,Urbana,0.396803010761676,2529.0,2.0,1237.0,12.0,491.0,3.0,0.0,281.0,207.0
355100905000534,Catiapoã,Urbana,0.030273494639333,2020.0,2.0,32735.0,327.0,991.0,0.0,0.0,389.0,600.0
355100905000536,Itararé,Urbana,0.121199702851463,5202.0,4.0,1328.0,13.0,161.0,0.0,0.0,116.0,44.0
355100905000537,Itararé,Urbana,0.084587604391001,4668.0,4.0,3925.0,39.0,332.0,0.0,0.0,237.0,93.0
355100905000538,Centro,Urbana,0.005288641821195,3516.0,3.0,38384.0,384.0,203.0,0.0,0.0,123.0,80.0
355100905000539,Centro,Urbana,0.002628273734429,3336.0,3.0,112240.0,1122.0,295.0,7.0,0.0,198.0,89.0
355100905000540,Centro,Urbana,0.005149179007668,4441.0,4.0,52047.0,520.0,268.0,0.0,0.0,178.0,89.0
355100905000541,Centro,Urbana,0.002578858048195,7488.0,6.0,160534.0,1605.0,414.0,15.0,0.0,306.0,93.0
355100905000542,Itararé,Urbana,0.005504966762057,5284.0,4.0,43960.0,440.0,242.0,4.0,0.0,189.0,49.0
355100905000543,Itararé,Urbana,0.005579811210929,5773.0,5.0,57350.0,574.0,320.0,0.0,0.0,246.0,68.0
355100905000544,Itararé,Urbana,0.005351099877197,7247.0,6.0,61109.0,611.0,327.0,5.0,0.0,260.0,61.0
355100905000545,Itararé,Urbana,0.010684213209435,4883.0,4.0,30044.0,300.0,321.0,0.0,0.0,252.0,68.0
355100905000546,Itararé,Urbana,0.008465087550646,3919.0,3.0,35912.0,359.0,304.0,0.0,0.0,237.0,65.0
355100905000547,Boa Vista,Urbana,0.012381086240654,3672.0,3.0,34246.0,342.0,424.0,0.0,0.0,261.0,161.0
355100905000548,Boa Vista,Urbana,0.005437505623705,4556.0,4.0,61793.0,618.0,336.0,0.0,3.0,214.0,119.0
355100905000549,Boa Vista,Urbana,0.011097981427671,5288.0,4.0,37935.0,379.0,421.0,7.0,0.0,279.0,135.0
355100905000550,Boa Vista,Urbana,0.010205179614175,4061.0,3.0,24497.0,245.0,250.0,0.0,0.0,166.0,84.0
355100905000551,Boa Vista,Urbana,0.006489165384066,5145.0,4.0,56710.0,567.0,368.0,3.0,0.0,280.0,84.0
355100905000552,Boa Vista,Urbana,0.008456255038482,5474.0,5.0,62912.0,629.0,532.0,6.0,3.0,413.0,110.0
355100905000553,Boa Vista,Urbana,0.01585219489415,5742.0,5.0,18105.0,181.0,287.0,0.0,0.0,221.0,64.0
355100905000554,Boa Vista,Urbana,0.00436507583921,3749.0,3.0,13745.0,137.0,60.0,0.0,0.0,39.0,21.0
355100905000555,Boa Vista,Urbana,0.014871443392144,5777.0,5.0,13785.0,138.0,205.0,10.0,0.0,137.0,58.0
355100905000556,Boa Vista,Urbana,0.01329335102107,4413.0,4.0,21966.0,220.0,292.0,6.0,0.0,232.0,53.0
355100905000557,Boa Vista,Urbana,0.011500565625184,3965.0,3.0,31216.0,312.0,359.0,5.0,0.0,254.0,100.0
355100905000558,Boa Vista,Urbana,0.004523628956514,3458.0,3.0,70740.0,707.0,320.0,0.0,0.0,192.0,128.0
355100905000559,Boa Vista,Urbana,0.012959272456239,6821.0,6.0,33026.0,330.0,428.0,0.0,0.0,312.0,114.0
355100905000560,Boa Vista,Urbana,0.002796689459434,3315.0,3.0,105124.0,1051.0,294.0,0.0,0.0,183.0,111.0
355100905000561,Boa Vista,Urbana,0.012290699745831,5210.0,4.0,44017.0,440.0,541.0,11.0,0.0,388.0,141.0
355100905000562,Boa Vista,Urbana,0.006186226248161,6201.0,5.0,82603.0,826.0,511.0,0.0,0.0,377.0,133.0
355100905000563,Gonzaguinha,Urbana,0.012546743224581,3867.0,3.0,34113.0,341.0,428.0,3.0,0.0,264.0,161.0
355100905000564,Gonzaguinha,Urbana,0.00605361677538,4118.0,3.0,74997.0,750.0,454.0,7.0,0.0,314.0,132.0
355100905000565,Gonzaguinha,Urbana,0.008665812593207,3938.0,3.0,38542.0,385.0,334.0,0.0,0.0,202.0,132.0
355100905000566,Gonzaguinha,Urbana,0.012752790251546,5282.0,4.0,32934.0,329.0,420.0,9.0,0.0,279.0,132.0
355100905000567,Gonzaguinha,Urbana,0.009636253301162,4559.0,4.0,43793.0,438.0,422.0,0.0,0.0,305.0,115.0
355100905000568,Gonzaguinha,Urbana,0.003444169757616,4412.0,4.0,83328.0,833.0,287.0,0.0,0.0,214.0,71.0
355100905000569,Gonzaguinha,Urbana,0.010604781295918,4188.0,3.0,30552.0,306.0,324.0,0.0,0.0,230.0,90.0
355100905000570,Gonzaguinha,Urbana,0.008503975675626,4828.0,4.0,16698.0,167.0,142.0,4.0,0.0,106.0,32.0
355100905000571,Gonzaguinha,Urbana,0.021974230554225,3003.0,2.0,23118.0,231.0,508.0,0.0,0.0,302.0,203.0
355100905000572,Gonzaguinha,Urbana,0.053172855997287,3859.0,3.0,4269.0,43.0,227.0,0.0,0.0,135.0,91.0
355100905000574,Gonzaguinha,Urbana,0.006931385673442,4787.0,4.0,25103.0,251.0,174.0,3.0,0.0,106.0,64.0
355100905000575,Gonzaguinha,Urbana,0.001985594184518,3529.0,3.0,148570.0,1486.0,295.0,0.0,0.0,160.0,132.0
355100905000576,Gonzaguinha,Urbana,0.002812225746826,5967.0,5.0,126591.0,1266.0,356.0,5.0,0.0,243.0,108.0
355100905000577,Gonzaguinha,Urbana,0.005080493425769,4187.0,3.0,56294.0,563.0,286.0,0.0,0.0,151.0,133.0
355100905000578,Japuí,Urbana,0.057124287809303,2847.0,2.0,11589.0,116.0,662.0,0.0,0.0,337.0,325.0
355100905000580,Japuí,Urbana,0.03396659633762,2479.0,2.0,18724.0,187.0,636.0,0.0,0.0,353.0,281.0
355100905000581,Japuí,Urbana,0.039482664964232,2491.0,2.0,12512.0,125.0,494.0,0.0,0.0,290.0,203.0
355100905000583,Japuí,Urbana,0.038139296845334,2303.0,2.0,19062.0,191.0,727.0,0.0,0.0,329.0,398.0
355100905000586,Parque Bitaru,Urbana,0.007666145178724,1564.0,1.0,26219.0,262.0,201.0,0.0,0.0,83.0,118.0
355100905000587,Parque Bitaru,Urbana,0.024428097934484,1595.0,1.0,30293.0,303.0,740.0,0.0,0.0,209.0,531.0
355100905000588,Parque Bitaru,Urbana,0.12394629261933,1800.0,1.0,4502.0,45.0,558.0,0.0,0.0,200.0,358.0
355100905000589,Parque Bitaru,Urbana,0.195871475869127,2267.0,2.0,2859.0,29.0,560.0,0.0,3.0,292.0,264.0
355100905000590,Vila Margarida,Urbana,0.031263112084286,1771.0,1.0,14586.0,146.0,456.0,0.0,0.0,198.0,257.0
355100905000592,Jóckey Club,Urbana,0.029034391017746,1896.0,2.0,19804.0,198.0,575.0,0.0,0.0,235.0,340.0
355100905000593,Jóckey Club,Urbana,0.02898469943034,2043.0,2.0,14490.0,145.0,420.0,4.0,4.0,143.0,269.0
355100905000594,Vila Nossa Senhora de Fátima,Urbana,0.034699293109575,1855.0,2.0,15620.0,156.0,542.0,0.0,0.0,216.0,325.0
355100905000595,Vila Nossa Senhora de Fátima,Urbana,0.024476330474825,1815.0,1.0,14749.0,147.0,361.0,0.0,0.0,173.0,188.0
355100905000596,Cidade Náutica,Urbana,0.0564241999514,3106.0,3.0,10563.0,106.0,596.0,0.0,0.0,309.0,286.0
355100905000597,Cidade Náutica,Urbana,0.045832947914841,2578.0,2.0,14356.0,144.0,658.0,0.0,0.0,349.0,308.0
355100905000599,Cidade Náutica,Urbana,0.010243456607279,2749.0,2.0,76439.0,764.0,783.0,0.0,0.0,284.0,499.0
355100905000600,Cidade Náutica,Urbana,0.007380490480483,1694.0,1.0,60430.0,604.0,446.0,0.0,0.0,201.0,245.0
355100905000601,Cidade Náutica,Urbana,0.013106052266551,2009.0,2.0,67755.0,678.0,888.0,0.0,0.0,362.0,523.0
355100905000602,Cidade Náutica,Urbana,0.00422399066275,2155.0,2.0,77888.0,779.0,329.0,0.0,0.0,129.0,200.0
355100905000603,Cidade Náutica,Urbana,0.042001864380712,2676.0,2.0,20570.0,206.0,864.0,0.0,0.0,339.0,524.0
355100905000604,Cidade Náutica,Urbana,0.008054920344536,2303.0,2.0,78089.0,781.0,629.0,0.0,0.0,293.0,335.0
355100905000605,Cidade Náutica,Urbana,0.030903101071779,2505.0,2.0,23266.0,233.0,719.0,0.0,0.0,376.0,342.0
355100905000607,Jardim Irmã Dolores,Urbana,0.057161778679648,1776.0,1.0,19698.0,197.0,1126.0,0.0,0.0,389.0,737.0
355100905000608,Jardim Irmã Dolores,Urbana,0.049812011738409,1768.0,1.0,14173.0,142.0,706.0,0.0,6.0,258.0,442.0
355100905000609,Jardim Irmã Dolores,Urbana,0.078521232238596,1483.0,1.0,10851.0,109.0,852.0,0.0,0.0,173.0,679.0
355100905000611,Jardim Irmã Dolores,Urbana,0.030451070529286,1344.0,1.0,14712.0,147.0,448.0,0.0,0.0,138.0,310.0
355100905000612,Jardim Irmã Dolores,Urbana,0.055669636188078,1670.0,1.0,8065.0,81.0,449.0,7.0,0.0,125.0,317.0
355100905000613,Jardim Irmã Dolores,Urbana,0.023021624486448,1939.0,2.0,18331.0,183.0,422.0,0.0,0.0,134.0,287.0
355100905000614,Jardim Irmã Dolores,Urbana,0.055404572336038,2052.0,2.0,14277.0,143.0,791.0,0.0,0.0,323.0,468.0
355100905000615,Jardim Irmã Dolores,Urbana,0.02340062340826,1480.0,1.0,19017.0,190.0,445.0,0.0,0.0,177.0,268.0
355100905000616,Jardim Irmã Dolores,Urbana,0.025435498268848,2085.0,2.0,17770.0,178.0,452.0,0.0,0.0,135.0,317.0
355100905000617,Parque Continental,Urbana,0.039357141575446,2799.0,2.0,13924.0,139.0,548.0,0.0,0.0,207.0,341.0
355100905000618,Parque Continental,Urbana,0.055357979611373,3234.0,3.0,10983.0,110.0,608.0,0.0,0.0,228.0,380.0
355100905000619,Parque Continental,Urbana,0.039545855994062,2577.0,2.0,15476.0,155.0,612.0,0.0,0.0,222.0,389.0
355100905000620,Parque Continental,Urbana,0.041472188862566,2345.0,2.0,13382.0,134.0,555.0,10.0,0.0,214.0,330.0
355100905000621,Parque Continental,Urbana,0.045252201101345,2456.0,2.0,15845.0,158.0,717.0,0.0,0.0,313.0,404.0
355100905000622,Parque Continental,Urbana,0.044998394516353,2430.0,2.0,15689.0,157.0,706.0,0.0,0.0,267.0,438.0
355100905000623,Parque Continental,Urbana,0.044174555736548,2488.0,2.0,13447.0,134.0,594.0,0.0,0.0,197.0,396.0
355100905000624,Parque Continental,Urbana,0.031207572042225,,,15701.0,157.0,490.0,0.0,0.0,181.0,309.0
355100905000625,Parque Continental,Urbana,0.052911515889447,2365.0,2.0,14987.0,150.0,793.0,0.0,0.0,294.0,498.0
355100905000626,Parque Continental,Urbana,0.041605300226635,2290.0,2.0,13412.0,134.0,558.0,0.0,0.0,232.0,325.0
355100905000627,Vila Nova Mariana,Urbana,0.029835426007665,1576.0,1.0,25507.0,255.0,761.0,0.0,0.0,232.0,528.0
355100905000628,Vila Nova Mariana,Urbana,0.040913517778014,1427.0,1.0,14127.0,141.0,578.0,0.0,0.0,180.0,398.0
355100905000629,Humaitá,Urbana,0.021339176745519,2306.0,2.0,18698.0,187.0,399.0,0.0,0.0,164.0,234.0
355100905000630,Humaitá,Urbana,0.035112529076928,2343.0,2.0,11591.0,116.0,407.0,0.0,0.0,169.0,237.0
355100905000631,Humaitá,Urbana,0.03591379097472,1994.0,2.0,10108.0,101.0,363.0,0.0,0.0,120.0,243.0
355100905000632,Humaitá,Urbana,0.026379811994768,2332.0,2.0,18726.0,187.0,494.0,0.0,0.0,195.0,297.0
355100905000633,Humaitá,Urbana,0.030279387966689,1956.0,2.0,17272.0,173.0,523.0,0.0,0.0,201.0,319.0
355100905000634,Humaitá,Urbana,0.034004868991425,2338.0,2.0,12704.0,127.0,432.0,0.0,0.0,165.0,266.0
355100905000635,Jardim Rio Branco,Urbana,0.04857260909867,2419.0,2.0,10644.0,106.0,517.0,0.0,0.0,212.0,303.0
355100905000636,Jardim Rio Branco,Urbana,0.036657306937626,2089.0,2.0,12030.0,120.0,441.0,0.0,0.0,162.0,279.0
355100905000637,Jardim Rio Branco,Urbana,0.050480421557271,2307.0,2.0,5844.0,58.0,295.0,0.0,0.0,130.0,165.0
355100905000638,Jardim Rio Branco,Urbana,0.049441887089281,2295.0,2.0,10497.0,105.0,519.0,0.0,0.0,217.0,302.0
355100905000639,Jardim Rio Branco,Urbana,0.069954704695959,2336.0,2.0,8220.0,82.0,575.0,0.0,0.0,215.0,360.0
355100905000641,Parque das Bandeiras,Urbana,0.033063772616461,2175.0,2.0,12279.0,123.0,406.0,0.0,0.0,146.0,260.0
355100905000642,Parque das Bandeiras,Urbana,0.048894156631754,2677.0,2.0,7895.0,79.0,386.0,0.0,0.0,141.0,245.0
355100905000644,Parque das Bandeiras,Urbana,0.095883487597301,3379.0,3.0,4464.0,45.0,428.0,0.0,0.0,197.0,231.0
355100905000645,Parque das Bandeiras,Urbana,0.052503653870309,2105.0,2.0,12418.0,124.0,652.0,0.0,0.0,283.0,367.0
355100905000646,Parque das Bandeiras,Urbana,0.042682831270937,2745.0,2.0,13425.0,134.0,573.0,0.0,5.0,220.0,348.0
355100905000647,Parque das Bandeiras,Urbana,0.053920937826067,,,12778.0,128.0,689.0,0.0,4.0,290.0,394.0
355100905000648,Parque das Bandeiras,Urbana,0.038823548386785,2555.0,2.0,14398.0,144.0,559.0,0.0,0.0,250.0,309.0
355100905000649,Parque das Bandeiras,Urbana,0.043125752823689,2523.0,2.0,12359.0,124.0,533.0,0.0,5.0,202.0,326.0
355100905000650,Parque das Bandeiras,Urbana,0.058211176010416,3067.0,3.0,10702.0,107.0,623.0,0.0,0.0,282.0,340.0
355100905000651,Parque das Bandeiras,Urbana,0.066379157208146,3649.0,3.0,6538.0,65.0,434.0,0.0,3.0,182.0,249.0
355100905000653,Vila Margarida,Urbana,0.063058862618687,1257.0,1.0,12385.0,124.0,781.0,0.0,0.0,265.0,516.0
355100905000654,Vila São Jorge,Urbana,0.017757156881602,3849.0,3.0,17796.0,178.0,316.0,0.0,9.0,167.0,140.0
355100905000655,Vila São Jorge,Urbana,0.04125758566987,3467.0,3.0,22978.0,230.0,948.0,4.0,3.0,491.0,450.0
355100905000656,Jóckey Club,Urbana,0.048902703459868,2104.0,2.0,14498.0,145.0,709.0,3.0,0.0,262.0,444.0
355100905000658,Samarita,Urbana,0.122578097359574,2487.0,2.0,4218.0,42.0,517.0,0.0,0.0,240.0,276.0
355100905000659,Samarita,Urbana,0.069539076770416,2192.0,2.0,8082.0,81.0,562.0,0.0,0.0,172.0,390.0
355100905000660,Samarita,Urbana,0.008929887032569,1635.0,1.0,72341.0,723.0,646.0,0.0,0.0,239.0,405.0
355100905000661,Samarita,Urbana,0.008024398172797,1361.0,1.0,64927.0,649.0,521.0,0.0,0.0,224.0,295.0
355100905000662,Samarita,Urbana,0.071796681001169,2210.0,2.0,8009.0,80.0,575.0,0.0,0.0,261.0,314.0
355100905000663,Samarita,Urbana,0.073350351588227,2727.0,2.0,9748.0,97.0,715.0,0.0,0.0,295.0,420.0
355100905000664,Jardim Irmã Dolores,Urbana,0.045334429223056,2115.0,2.0,12948.0,129.0,587.0,0.0,0.0,230.0,357.0
355100905000665,Jardim Irmã Dolores,Urbana,0.02551828429766,1941.0,2.0,22337.0,223.0,570.0,0.0,0.0,211.0,358.0
355100905000666,Jardim Irmã Dolores,Urbana,0.03206721218441,2364.0,2.0,15717.0,157.0,504.0,0.0,0.0,178.0,325.0
355100905000667,Jardim Irmã Dolores,Urbana,0.038341031933017,2696.0,2.0,15545.0,155.0,596.0,3.0,0.0,238.0,354.0
355100905000669,Parque Continental,Urbana,0.071102301388253,2287.0,2.0,10084.0,101.0,717.0,0.0,4.0,273.0,440.0
355100905000670,Samarita,Urbana,0.073745721714005,1452.0,1.0,10726.0,107.0,791.0,4.0,0.0,322.0,465.0
355100905000671,Samarita,Urbana,0.037336037422189,1730.0,1.0,11597.0,116.0,433.0,0.0,0.0,160.0,273.0
355100905000672,Jardim Irmã Dolores,Urbana,0.043291574558711,2233.0,2.0,5313.0,53.0,230.0,0.0,0.0,85.0,145.0
355100905000674,Jardim Irmã Dolores,Rural,4.641715774407132,2162.0,2.0,10.0,0.0,46.0,0.0,0.0,7.0,39.0
355100905000675,Jardim Irmã Dolores,Urbana,0.084498036147901,2159.0,2.0,3562.0,36.0,301.0,0.0,0.0,92.0,207.0
355100905000676,Jardim Rio Branco,Urbana,0.052335215845684,2181.0,2.0,8809.0,88.0,461.0,0.0,0.0,209.0,250.0
355100905000677,Jardim Rio Branco,Urbana,0.034429326169267,1973.0,2.0,12780.0,128.0,440.0,0.0,0.0,135.0,304.0
355100905000678,Jardim Rio Branco,Urbana,0.020256113480496,1860.0,2.0,19895.0,199.0,403.0,0.0,0.0,140.0,263.0
355100905000679,Parque das Bandeiras,Urbana,0.039672801774939,2735.0,2.0,12200.0,122.0,484.0,6.0,0.0,220.0,258.0
355100905000680,Parque das Bandeiras,Urbana,0.041687029977866,2549.0,2.0,13026.0,130.0,543.0,3.0,0.0,242.0,298.0
355100905000681,Vila Ema,Urbana,0.068507849685035,2824.0,2.0,12626.0,126.0,865.0,0.0,0.0,367.0,498.0
355100905000682,Vila Ema,Urbana,0.026050012760285,2086.0,2.0,8599.0,86.0,224.0,0.0,0.0,95.0,129.0
355100905000683,Samarita,Urbana,0.056946476520336,1519.0,1.0,5075.0,51.0,289.0,0.0,0.0,75.0,214.0
355100905000684,Samarita,Urbana,0.086020458440245,1401.0,1.0,5138.0,51.0,442.0,0.0,0.0,90.0,351.0
355100905000685,Samarita,Urbana,0.04072542367258,1223.0,1.0,6188.0,62.0,252.0,0.0,0.0,67.0,183.0
355100905000686,Samarita,Urbana,0.074527759627687,874.0,1.0,2066.0,21.0,154.0,0.0,0.0,35.0,119.0
355100905000687,Samarita,Urbana,0.200417511942356,1364.0,1.0,3233.0,32.0,648.0,0.0,0.0,171.0,476.0
355100905000688,Samarita,Urbana,0.055307240446984,1551.0,1.0,9095.0,91.0,503.0,0.0,0.0,132.0,370.0
355100905000689,Samarita,Urbana,0.109052827695031,1249.0,1.0,1605.0,16.0,175.0,0.0,0.0,57.0,118.0
355100905000690,Samarita,Urbana,0.146252503894027,1432.0,1.0,3508.0,35.0,513.0,0.0,0.0,177.0,334.0
355100905000692,Samarita,Urbana,0.095641249038962,1592.0,1.0,5270.0,53.0,504.0,0.0,0.0,147.0,357.0
355100905000693,Samarita,Urbana,0.060750534907785,1497.0,1.0,7802.0,78.0,474.0,0.0,0.0,120.0,354.0
355100905000694,Samarita,Urbana,0.0906331661305,1504.0,1.0,5671.0,57.0,514.0,0.0,0.0,117.0,394.0
355100905000697,Vila Ema,Urbana,0.030760593387476,1696.0,1.0,26137.0,261.0,804.0,0.0,0.0,375.0,427.0
355100905000703,Japuí,Urbana,0.056934761081308,2900.0,2.0,14683.0,147.0,836.0,0.0,0.0,461.0,374.0
355100905000707,Vila Ema,Urbana,0.083473486981231,1870.0,2.0,10458.0,105.0,873.0,0.0,0.0,332.0,540.0
355100905000708,Jóckey Club,Urbana,0.3163891823394,2604.0,2.0,1192.0,12.0,377.0,0.0,0.0,161.0,215.0
355100905000709,Jóckey Club,Urbana,0.014380482583074,3366.0,3.0,38038.0,380.0,547.0,0.0,0.0,256.0,288.0
355100905000712,Vila Margarida,Urbana,0.027854341152418,2210.0,2.0,13858.0,139.0,386.0,0.0,0.0,188.0,198.0
355100905000713,Vila Margarida,Urbana,0.030153393104313,1976.0,2.0,15620.0,156.0,471.0,3.0,0.0,164.0,304.0
355100905000714,Vila Margarida,Urbana,0.017147410048459,1150.0,1.0,21578.0,216.0,370.0,0.0,0.0,103.0,267.0
355100905000715,Vila Margarida,Urbana,0.045082541443947,1259.0,1.0,18854.0,189.0,850.0,0.0,0.0,211.0,639.0
355100905000716,Jóckey Club,Urbana,0.037419819329035,1774.0,1.0,21593.0,216.0,808.0,0.0,0.0,231.0,575.0
355100905000717,Jóckey Club,Urbana,0.016099731068446,1286.0,1.0,32982.0,330.0,531.0,0.0,0.0,135.0,396.0
355100905000718,Jóckey Club,Urbana,0.041253469081812,1134.0,1.0,16071.0,161.0,663.0,0.0,0.0,202.0,460.0
355100905000719,Jardim Irmã Dolores,Urbana,0.094401984492854,1655.0,1.0,3008.0,30.0,284.0,0.0,0.0,78.0,206.0
355100905000722,Jardim Irmã Dolores,Urbana,0.034101072226476,1355.0,1.0,24046.0,240.0,820.0,0.0,0.0,272.0,546.0
355100905000723,Jardim Irmã Dolores,Urbana,0.027717053247274,1744.0,1.0,22333.0,223.0,619.0,3.0,0.0,225.0,391.0
355100905000724,Beira Mar,Urbana,0.038372038952873,2381.0,2.0,11571.0,116.0,444.0,6.0,0.0,201.0,237.0
355100905000725,Beira Mar,Urbana,0.046872580017816,2927.0,2.0,13121.0,131.0,615.0,0.0,0.0,314.0,300.0
355100905000726,Vila Nossa Senhora de Fátima,Urbana,0.009853082253722,2420.0,2.0,15528.0,155.0,153.0,0.0,0.0,58.0,95.0
355100905000727,Vila Nossa Senhora de Fátima,Urbana,0.058795464501181,2304.0,2.0,10477.0,105.0,616.0,0.0,0.0,240.0,375.0
355100905000728,Jardim Guassu,Urbana,0.01416604501681,2000.0,2.0,19766.0,198.0,280.0,0.0,0.0,118.0,162.0
355100905000729,Jardim Guassu,Urbana,0.020912109925102,2595.0,2.0,8225.0,82.0,172.0,4.0,0.0,77.0,91.0
355100905000730,Parque Bitaru,Urbana,0.012449754654499,2265.0,2.0,21687.0,217.0,270.0,0.0,0.0,103.0,166.0
355100905000731,Parque Bitaru,Urbana,0.019415424473181,2811.0,2.0,14885.0,149.0,289.0,0.0,0.0,136.0,153.0
355100905000732,Parque Bitaru,Urbana,0.00487890309254,2321.0,2.0,25211.0,252.0,123.0,0.0,0.0,57.0,66.0
355100905000733,Parque Bitaru,Urbana,0.069502801179409,1668.0,1.0,6503.0,65.0,452.0,0.0,0.0,182.0,268.0
355100905000736,Japuí,Urbana,0.283574625764548,2862.0,2.0,166.0,2.0,47.0,0.0,0.0,,
355100905000737,Japuí,Urbana,0.153232789617148,2547.0,2.0,3511.0,35.0,538.0,0.0,0.0,295.0,242.0
355100905000738,Japuí,Rural,0.061800334573389,930.0,1.0,761.0,8.0,47.0,0.0,47.0,0.0,0.0
355100905000739,Jardim Rio Branco,Urbana,0.03736031597062,2019.0,2.0,11402.0,114.0,426.0,0.0,0.0,148.0,277.0
355100905000740,Jardim Rio Branco,Urbana,0.050369319583309,2051.0,2.0,13083.0,131.0,659.0,5.0,0.0,182.0,472.0
355100905000741,Jardim Rio Branco,Urbana,0.048050888462726,2267.0,2.0,14006.0,140.0,673.0,0.0,0.0,283.0,390.0
355100905000742,Jardim Rio Branco,Urbana,0.037572012805964,2217.0,2.0,7452.0,75.0,280.0,0.0,0.0,130.0,148.0
355100905000743,Vila Margarida,Urbana,0.036233754403704,2269.0,2.0,12116.0,121.0,439.0,0.0,0.0,188.0,251.0
355100905000744,Vila Margarida,Urbana,0.036185228247927,2019.0,2.0,9866.0,99.0,357.0,0.0,0.0,134.0,222.0
355100905000759,Jardim Rio Branco,Urbana,0.135337770533558,,,,,,0.0,0.0,,
355100905000760,Itararé,Urbana,0.004533028723874,3145.0,3.0,86477.0,865.0,392.0,0.0,0.0,260.0,131.0
355100905000761,Itararé,Urbana,0.002845237527749,3101.0,3.0,68888.0,689.0,196.0,7.0,0.0,119.0,70.0
355100905000762,Itararé,Urbana,0.007369528259753,5805.0,5.0,43965.0,440.0,324.0,3.0,0.0,216.0,103.0
355100905000763,Itararé,Urbana,0.02038786652727,5192.0,4.0,12311.0,123.0,251.0,4.0,0.0,168.0,79.0
355100905000765,Jóckey Club,Urbana,0.032520662042699,2014.0,2.0,13776.0,138.0,448.0,0.0,0.0,179.0,269.0
355100905000766,Parque das Bandeiras,Urbana,0.035595927891818,,,,,,0.0,0.0,,
355100905000767,Parque das Bandeiras,Urbana,0.011236114126872,1631.0,1.0,6675.0,67.0,75.0,0.0,0.0,22.0,53.0
355100905000771,Nova São Vicente,Urbana,0.025704499949783,2220.0,2.0,16612.0,166.0,427.0,0.0,0.0,134.0,293.0
355100905000773,Jardim Independência,Urbana,0.017031551401298,2213.0,2.0,15501.0,155.0,264.0,0.0,0.0,100.0,164.0
355100905000775,Vila Voturuá,Urbana,0.095645538263741,3149.0,3.0,9514.0,95.0,910.0,0.0,0.0,445.0,465.0
355100905000776,Jardim Independência,Urbana,0.0610802973151,3947.0,3.0,8726.0,87.0,533.0,0.0,0.0,281.0,250.0
355100905000777,Jardim Independência,Urbana,0.023833776303678,1792.0,1.0,8517.0,85.0,203.0,0.0,0.0,63.0,139.0
355100905000783,Jóckey Club,Urbana,0.050879261389141,2073.0,2.0,15350.0,154.0,781.0,0.0,6.0,293.0,482.0
355100905000785,Jóckey Club,Urbana,0.01885642426411,1980.0,2.0,22327.0,223.0,421.0,0.0,0.0,116.0,305.0
355100905000788,Esplanada dos Barreiros,Urbana,0.01510725383341,1878.0,2.0,24889.0,249.0,376.0,0.0,0.0,108.0,266.0
355100905000789,Vila Margarida,Urbana,0.013982121007309,1251.0,1.0,16950.0,170.0,237.0,0.0,0.0,57.0,180.0
355100905000792,Vila Nova Mariana,Urbana,0.012009608673075,1442.0,1.0,28227.0,282.0,339.0,0.0,0.0,123.0,216.0
355100905000793,Nova São Vicente,Urbana,0.013735629481892,1699.0,1.0,17691.0,177.0,243.0,0.0,0.0,81.0,162.0
355100905000795,Vila Margarida,Urbana,0.027619184399984,1146.0,1.0,8147.0,81.0,225.0,0.0,0.0,55.0,170.0
355100905000798,Vila Margarida,Urbana,0.022801459150261,1562.0,1.0,22192.0,222.0,506.0,0.0,0.0,192.0,314.0
355100905000799,Jóckey Club,Urbana,0.019370960860758,1650.0,1.0,18017.0,180.0,349.0,0.0,0.0,87.0,262.0
355100905000801,Jóckey Club,Urbana,0.00939081999188,1540.0,1.0,18209.0,182.0,171.0,0.0,0.0,48.0,123.0
355100905000802,Jóckey Club,Urbana,0.006655270526705,1542.0,1.0,30201.0,302.0,201.0,0.0,0.0,71.0,128.0
355100905000803,Jóckey Club,Urbana,0.037788622443701,1590.0,1.0,24002.0,240.0,907.0,0.0,0.0,285.0,622.0
355100905000810,Jardim Irmã Dolores,Urbana,0.044970463069145,1749.0,1.0,16233.0,162.0,730.0,0.0,0.0,243.0,485.0
355100905000812,Jóckey Club,Urbana,0.038823358601535,1674.0,1.0,19602.0,196.0,761.0,0.0,0.0,212.0,548.0
355100905000813,Jóckey Club,Urbana,0.021001312064299,1227.0,1.0,14190.0,142.0,298.0,0.0,0.0,94.0,203.0
355100905000814,Jardim Rio Branco,Urbana,0.010570006415406,1313.0,1.0,35572.0,356.0,376.0,0.0,0.0,131.0,245.0
355100905000815,Jardim Rio Branco,Urbana,0.027254558397492,1573.0,1.0,27592.0,276.0,752.0,0.0,0.0,246.0,505.0
355100905000816,Vila Ema,Urbana,0.053230015818282,1936.0,2.0,12643.0,126.0,673.0,0.0,0.0,272.0,399.0
355100905000817,Vila Ema,Urbana,0.019205950124323,1499.0,1.0,15412.0,154.0,296.0,0.0,0.0,117.0,179.0
355100905000818,Vila Ema,Urbana,0.089379725144578,2526.0,2.0,7071.0,71.0,632.0,0.0,0.0,295.0,334.0
355100905000819,Vila Ema,Urbana,0.005415644598535,1467.0,1.0,10525.0,105.0,57.0,0.0,0.0,18.0,39.0
355100905000820,Nova São Vicente,Urbana,0.039018350736116,1392.0,1.0,9560.0,96.0,373.0,0.0,0.0,91.0,282.0
355100905000821,Nova São Vicente,Urbana,0.024454525310012,1557.0,1.0,16766.0,168.0,410.0,0.0,0.0,163.0,246.0
355100905000822,Jóckey Club,Urbana,0.028712023665259,2106.0,2.0,17101.0,171.0,491.0,0.0,0.0,192.0,298.0
355100905000823,Jóckey Club,Urbana,0.010446579876965,1636.0,1.0,15412.0,154.0,161.0,0.0,0.0,52.0,108.0
355100905000824,Beira Mar,Urbana,0.060303867760577,2118.0,2.0,8490.0,85.0,512.0,11.0,0.0,188.0,313.0
355100905000825,Beira Mar,Urbana,0.010518514287103,1403.0,1.0,3613.0,36.0,38.0,0.0,0.0,0.0,37.0
355100905000826,Vila Nossa Senhora de Fátima,Urbana,0.01944927691328,1707.0,1.0,6273.0,63.0,122.0,0.0,0.0,29.0,93.0
355100905000827,Vila Nossa Senhora de Fátima,Urbana,0.006365620376781,1450.0,1.0,26863.0,269.0,171.0,0.0,0.0,62.0,108.0
355100905000828,Japuí,Urbana,0.034447822976123,2613.0,2.0,4906.0,49.0,169.0,0.0,0.0,71.0,97.0
355100905000829,Japuí,Urbana,0.009523131173149,2220.0,2.0,10501.0,105.0,100.0,0.0,0.0,,
355100905000830,Jóckey Club,Urbana,0.03628183793182,2307.0,2.0,15104.0,151.0,548.0,0.0,0.0,255.0,292.0
355100905000831,Jóckey Club,Urbana,0.026456911420219,1855.0,2.0,13720.0,137.0,363.0,0.0,0.0,104.0,259.0
355100905000832,Jóckey Club,Urbana,0.006452134706759,1429.0,1.0,24643.0,246.0,159.0,0.0,0.0,45.0,112.0
355100905000833,Jóckey Club,Urbana,0.005685900405505,,,15301.0,153.0,87.0,0.0,0.0,31.0,56.0
355100905000835,Esplanada dos Barreiros,Urbana,0.062636197365784,1952.0,2.0,5444.0,54.0,341.0,0.0,0.0,157.0,183.0
355100905000836,Esplanada dos Barreiros,Urbana,0.011709754832011,1648.0,1.0,18873.0,189.0,221.0,0.0,0.0,76.0,145.0
355100905000837,Itararé,Urbana,0.040111064234415,4559.0,4.0,8427.0,84.0,338.0,5.0,0.0,234.0,99.0
355100905000838,Itararé,Urbana,0.011881521836816,1836.0,2.0,5387.0,54.0,64.0,0.0,0.0,27.0,37.0
355100905000840,Jóckey Club,Urbana,0.00895491444939,1129.0,1.0,17086.0,171.0,153.0,0.0,0.0,43.0,110.0
355100905000841,Jardim Irmã Dolores,Urbana,0.215625172523642,2183.0,2.0,1739.0,17.0,375.0,0.0,0.0,144.0,228.0
355100905000842,Jardim Irmã Dolores,Urbana,0.194632574147556,1780.0,1.0,1660.0,17.0,323.0,0.0,0.0,119.0,204.0
355100905000844,Nova São Vicente,Urbana,0.057766550181918,1947.0,2.0,14005.0,140.0,809.0,0.0,0.0,359.0,448.0
355100905000847,Jóckey Club,Urbana,0.104711733218832,2339.0,2.0,7220.0,72.0,756.0,0.0,0.0,324.0,432.0
355100905000849,Vila Margarida,Urbana,0.037720539374201,1947.0,2.0,11267.0,113.0,425.0,0.0,0.0,127.0,297.0
355100905000851,Vila Margarida,Urbana,0.03011234000574,2485.0,2.0,2624.0,26.0,79.0,0.0,0.0,10.0,69.0
355100905000854,Jóckey Club,Urbana,0.035166480935401,1869.0,2.0,20929.0,209.0,736.0,0.0,0.0,265.0,469.0
355100905000855,Jóckey Club,Urbana,0.025817882468225,1872.0,2.0,25447.0,254.0,657.0,0.0,0.0,234.0,422.0
355100905000856,Esplanada dos Barreiros,Urbana,0.029963748081979,2161.0,2.0,6208.0,62.0,186.0,4.0,0.0,68.0,114.0
355100905000857,Centro,Urbana,0.067485599549948,4018.0,3.0,2356.0,24.0,159.0,8.0,0.0,98.0,53.0
355100905000861,Parque São Vicente,Urbana,0.036300024243056,2672.0,2.0,21983.0,220.0,798.0,0.0,0.0,354.0,442.0
355100905000862,Parque São Vicente,Urbana,0.00956848573284,1727.0,1.0,10451.0,105.0,100.0,0.0,0.0,35.0,65.0
355100905000863,Itararé,Urbana,0.154389239878408,1879.0,2.0,2779.0,28.0,429.0,0.0,0.0,136.0,290.0
355100905000864,Cidade Náutica,Urbana,0.44011461316708,,,,,,0.0,0.0,,
